{"cameraMode":{"drawMode":0,"name":"Shaded","section":"Shading Mode"},"sceneLighting":true,"audioPlay":false,"sceneViewState":{"showFog":true,"showMaterialUpdate":false,"showSkybox":true,"showFlares":true,"showImageEffects":true,"showParticleSystems":true},"in2DMode":false,"pivot":{"x":-133.59063720703126,"y":-31.215126037597658,"z":147.46536254882813},"rotation":{"x":0.19885453581809998,"y":-0.7857422828674316,"z":0.3146873712539673,"w":0.49463626742362978},"size":226.2764129638672,"orthographic":false}